timestamp,open,high,low,close,volume
2021-04-01T00:00:00Z,58000.00,59163.10,57931.29,59045.68,4856.4
2021-04-01T04:00:00Z,59045.68,59357.10,58783.03,59333.77,2068.3
2021-04-01T08:00:00Z,59333.77,59483.98,59097.54,59188.54,1618.8
2021-04-01T12:00:00Z,59188.54,59547.15,59012.08,59323.44,1754.3
2021-04-01T16:00:00Z,59323.44,60055.07,59191.15,59984.55,3239.6
2021-04-01T20:00:00Z,59984.55,60520.45,59950.02,60321.08,2217.6
2021-04-02T00:00:00Z,60321.08,60582.30,59778.11,60005.93,2115.8
2021-04-02T04:00:00Z,60005.93,60329.87,59982.08,60171.57,1593.1
2021-04-02T08:00:00Z,60171.57,60213.78,59048.70,59100.03,4829.7
2021-04-02T12:00:00Z,59100.03,59220.25,58823.69,59136.59,1395.7
2021-04-02T16:00:00Z,59136.59,59737.61,58833.51,59423.81,2260.0
2021-04-02T20:00:00Z,59423.81,60620.08,59170.54,60459.22,4699.4
2021-04-03T00:00:00Z,60459.22,60512.77,59857.58,60268.12,1782.4
2021-04-03T04:00:00Z,60268.12,60644.01,60120.81,60560.77,2236.0
2021-04-03T08:00:00Z,60560.77,61249.56,60188.53,61129.41,3095.0
2021-04-03T12:00:00Z,61129.41,61258.83,61022.55,61033.45,1411.4
2021-04-03T16:00:00Z,61033.45,61313.98,60912.31,61208.82,1848.1
2021-04-03T20:00:00Z,61208.82,61463.87,60779.48,61295.01,1493.5
2021-04-04T00:00:00Z,61295.01,61300.94,60954.49,61096.19,1742.3
2021-04-04T04:00:00Z,61096.19,61153.69,60731.80,60943.12,1781.3
2021-04-04T08:00:00Z,60943.12,61134.16,60817.20,61083.42,1732.7
2021-04-04T12:00:00Z,61083.42,61192.42,60513.59,60794.81,1962.6
2021-04-04T16:00:00Z,60794.81,60990.63,60740.31,60871.08,1282.8
2021-04-04T20:00:00Z,60871.08,62212.44,60820.92,61852.06,4296.6
2021-04-05T00:00:00Z,61852.06,62660.93,61591.15,62287.51,2417.6
2021-04-05T04:00:00Z,62287.51,62888.21,62200.17,62813.13,2889.6
2021-04-05T08:00:00Z,62813.13,64114.34,62512.29,63877.21,4394.4
2021-04-05T12:00:00Z,63877.21,64243.61,63526.32,64230.99,2154.8
2021-04-05T16:00:00Z,64230.99,64999.30,64187.92,64726.93,2841.3
2021-04-05T20:00:00Z,64726.93,65092.63,64683.96,65061.83,2138.0
2021-04-06T00:00:00Z,65061.83,65274.80,64706.68,64840.39,1689.9
2021-04-06T04:00:00Z,64840.39,65646.73,64735.28,65329.94,2732.0
2021-04-06T08:00:00Z,65329.94,66320.84,65131.04,66128.51,3586.6
2021-04-06T12:00:00Z,66128.51,66173.19,65633.84,65921.23,1721.8
2021-04-06T16:00:00Z,65921.23,66660.47,65848.29,66530.36,3023.5
2021-04-06T20:00:00Z,66530.36,66836.91,66380.81,66648.82,1399.2
2021-04-07T00:00:00Z,66648.82,67254.34,66484.85,67215.25,2705.2
2021-04-07T04:00:00Z,67215.25,67327.69,67175.72,67223.96,1043.0
2021-04-07T08:00:00Z,67223.96,67751.90,66988.01,67726.69,2648.2
2021-04-07T12:00:00Z,67726.69,68800.03,67677.55,68324.53,3063.8
2021-04-07T16:00:00Z,68324.53,68868.71,68323.18,68646.69,2130.3
2021-04-07T20:00:00Z,68646.69,69573.88,68338.86,69472.21,3482.1
2021-04-08T00:00:00Z,69472.21,69590.68,69243.20,69299.07,1621.1
2021-04-08T04:00:00Z,69299.07,69836.07,69084.61,69579.66,1882.0
2021-04-08T08:00:00Z,69579.66,70150.24,69562.73,70072.13,2571.8
2021-04-08T12:00:00Z,70072.13,70822.71,70031.98,70644.78,2827.0
2021-04-08T16:00:00Z,70644.78,71594.94,70311.50,71143.10,2540.9
2021-04-08T20:00:00Z,71143.10,71550.56,71122.77,71269.26,1370.0
2021-04-09T00:00:00Z,71269.26,71397.79,71060.58,71100.23,1715.1
2021-04-09T04:00:00Z,71100.23,71729.80,70907.87,71556.55,2560.0
2021-04-09T08:00:00Z,71556.55,71683.56,71350.51,71569.95,1043.2
2021-04-09T12:00:00Z,71569.95,71852.74,71478.86,71813.40,1772.1
2021-04-09T16:00:00Z,71813.40,72721.29,71578.46,72447.74,2889.8
2021-04-09T20:00:00Z,72447.74,72933.15,72434.57,72784.51,2106.3
2021-04-10T00:00:00Z,72784.51,73475.72,72428.03,73395.18,2701.0
2021-04-10T04:00:00Z,73395.18,74431.48,73251.32,74426.91,3982.9
2021-04-10T08:00:00Z,74426.91,74583.52,74332.24,74337.27,1277.4
2021-04-10T12:00:00Z,74337.27,74403.18,74124.39,74187.55,1657.8
2021-04-10T16:00:00Z,74187.55,74624.33,73753.30,73770.74,2321.4
2021-04-10T20:00:00Z,73770.74,74033.79,73421.04,73973.25,1698.4
2021-04-11T00:00:00Z,73973.25,74164.57,73909.31,73962.24,1187.6
2021-04-11T04:00:00Z,73962.24,74508.76,73845.63,73923.16,1347.0
2021-04-11T08:00:00Z,73923.16,75163.68,73876.53,74986.56,4023.7
2021-04-11T12:00:00Z,74986.56,75613.26,74749.32,75599.11,2837.5
2021-04-11T16:00:00Z,75599.11,76575.77,75556.99,76426.72,3296.3
2021-04-11T20:00:00Z,76426.72,76674.14,76424.90,76544.90,1434.3
2021-04-12T00:00:00Z,76544.90,77069.08,76000.61,77029.09,2459.5
2021-04-12T04:00:00Z,77029.09,77163.04,76353.94,76492.97,2461.5
2021-04-12T08:00:00Z,76492.97,76797.77,76208.33,76467.46,1100.3
2021-04-12T12:00:00Z,76467.46,77529.53,76324.80,76982.89,2574.8
2021-04-12T16:00:00Z,76982.89,77908.84,76944.44,77749.10,3259.1
2021-04-12T20:00:00Z,77749.10,78101.78,77620.52,77708.80,1224.9
2021-04-13T00:00:00Z,77708.80,78846.71,77592.06,78834.07,4028.5
2021-04-13T04:00:00Z,78834.07,79345.06,78775.68,79031.63,1765.7
2021-04-13T08:00:00Z,79031.63,79846.04,78791.53,79587.61,2620.1
2021-04-13T12:00:00Z,79587.61,80305.20,79442.96,79959.47,2076.2
2021-04-13T16:00:00Z,79959.47,80748.38,79949.78,80697.05,3073.3
2021-04-13T20:00:00Z,80697.05,80800.46,80172.52,80310.36,2144.7
2021-04-14T00:00:00Z,80310.36,80515.39,79709.03,80046.41,1660.8
2021-04-14T04:00:00Z,80046.41,80639.76,79962.75,80269.41,1822.1
2021-04-14T08:00:00Z,80269.41,80628.06,79258.80,79829.12,2315.9
2021-04-14T12:00:00Z,79829.12,80441.26,79506.69,80032.25,1774.3
2021-04-14T16:00:00Z,80032.25,81088.29,80015.17,80825.17,3204.8
2021-04-14T20:00:00Z,80825.17,80960.63,80503.00,80584.29,1837.3
2021-04-15T00:00:00Z,80584.29,81351.15,80414.83,81095.97,2439.8
2021-04-15T04:00:00Z,81095.97,81487.93,81062.13,81326.18,1857.8
2021-04-15T08:00:00Z,81326.18,81450.07,80863.27,81441.66,1481.5
2021-04-15T12:00:00Z,81441.66,81616.53,81160.31,81608.25,1611.6
2021-04-15T16:00:00Z,81608.25,81774.39,81435.90,81493.66,1304.8
2021-04-15T20:00:00Z,81493.66,81576.81,81342.68,81573.05,1419.9
2021-04-16T00:00:00Z,81573.05,82005.36,81377.52,81761.42,1721.1
2021-04-16T04:00:00Z,81761.42,81858.13,80965.39,81073.99,2796.0
2021-04-16T08:00:00Z,81073.99,81118.76,80449.78,80758.47,2068.4
2021-04-16T12:00:00Z,80758.47,81081.10,80534.46,80879.63,1414.8
2021-04-16T16:00:00Z,80879.63,81052.17,79917.28,80042.01,3216.4
2021-04-16T20:00:00Z,80042.01,81292.69,79914.16,80770.75,2843.9
2021-04-17T00:00:00Z,80770.75,81222.29,80508.82,81037.44,1856.4
2021-04-17T04:00:00Z,81037.44,81401.96,80141.15,80429.26,2528.9
2021-04-17T08:00:00Z,80429.26,80607.86,79727.20,80187.99,1839.3
2021-04-17T12:00:00Z,80187.99,80330.42,79940.29,80089.58,1315.3
2021-04-17T16:00:00Z,80089.58,80135.62,79729.24,79832.78,1674.9
2021-04-17T20:00:00Z,79832.78,81198.96,79620.31,81099.68,4283.3
2021-04-18T00:00:00Z,81099.68,81188.45,80957.81,81099.41,1133.3
2021-04-18T04:00:00Z,81099.41,81393.06,80601.18,81258.22,1668.2
2021-04-18T08:00:00Z,81258.22,81382.36,80494.22,80688.66,2431.7
2021-04-18T12:00:00Z,80688.66,80700.64,80429.01,80585.29,1459.8
2021-04-18T16:00:00Z,80585.29,80746.91,80298.42,80347.53,1832.7
2021-04-18T20:00:00Z,80347.53,80511.11,79910.47,80090.59,1886.6
2021-04-19T00:00:00Z,80090.59,80503.41,79377.88,79630.18,2356.7
2021-04-19T04:00:00Z,79630.18,80003.53,79332.19,79456.39,1661.8
2021-04-19T08:00:00Z,79456.39,80709.49,79441.67,80296.58,3202.3
2021-04-19T12:00:00Z,80296.58,80554.43,78791.55,79037.46,4246.4
2021-04-19T16:00:00Z,79037.46,79127.41,78670.57,78884.04,1531.2
2021-04-19T20:00:00Z,78884.04,79003.32,78752.52,78846.73,1382.8
2021-04-20T00:00:00Z,78846.73,79044.79,78714.69,79004.31,1675.0
2021-04-20T04:00:00Z,79004.31,79743.48,78735.50,79443.81,2243.5
2021-04-20T08:00:00Z,79443.81,79490.24,79067.05,79185.38,1736.0
2021-04-20T12:00:00Z,79185.38,79273.33,78752.87,78855.81,1927.3
2021-04-20T16:00:00Z,78855.81,79171.24,78755.57,79123.78,1754.9
2021-04-20T20:00:00Z,79123.78,79611.76,79037.40,79453.04,1935.1
2021-04-21T00:00:00Z,79453.04,79717.08,79287.22,79540.31,1331.5
2021-04-21T04:00:00Z,79540.31,79549.82,79258.65,79343.06,1539.2
2021-04-21T08:00:00Z,79343.06,79925.41,79320.19,79721.10,2109.8
2021-04-21T12:00:00Z,79721.10,79843.63,79370.65,79549.65,1660.6
2021-04-21T16:00:00Z,79549.65,79702.49,79024.20,79261.49,1866.6
2021-04-21T20:00:00Z,79261.49,79484.76,79119.89,79332.85,1431.4
2021-04-22T00:00:00Z,79332.85,79515.16,78228.12,78893.65,2403.9
2021-04-22T04:00:00Z,78893.65,79034.38,78424.71,78643.36,1758.0
2021-04-22T08:00:00Z,78643.36,78654.60,77979.11,78578.69,1202.9
2021-04-22T12:00:00Z,78578.69,79960.28,78442.32,79627.34,3943.6
2021-04-22T16:00:00Z,79627.34,80562.38,79617.89,80466.06,3138.4
2021-04-22T20:00:00Z,80466.06,80975.83,80345.99,80887.39,2091.3
2021-04-23T00:00:00Z,80887.39,81363.51,80541.69,81269.76,1960.4
2021-04-23T04:00:00Z,81269.76,81778.12,81162.03,81631.66,2035.0
2021-04-23T08:00:00Z,81631.66,81920.33,81545.29,81871.90,1648.5
2021-04-23T12:00:00Z,81871.90,82761.10,81648.47,82360.78,2351.1
2021-04-23T16:00:00Z,82360.78,82895.31,82177.41,82436.06,1222.3
2021-04-23T20:00:00Z,82436.06,83463.26,82356.93,83374.22,3339.6
2021-04-24T00:00:00Z,83374.22,84261.14,83120.95,84203.49,3246.9
2021-04-24T04:00:00Z,84203.49,85529.35,83976.00,85194.38,3505.7
2021-04-24T08:00:00Z,85194.38,86046.59,84822.52,85969.93,3008.8
2021-04-24T12:00:00Z,85969.93,87134.01,85726.66,87071.26,3651.4
2021-04-24T16:00:00Z,87071.26,87209.17,86696.65,87092.99,1293.4
2021-04-24T20:00:00Z,87092.99,88449.95,86979.92,88173.41,3566.4
2021-04-25T00:00:00Z,88173.41,89633.63,88119.44,88852.48,2750.0
2021-04-25T04:00:00Z,88852.48,90246.05,88796.76,90209.26,4219.5
2021-04-25T08:00:00Z,90209.26,91027.29,89867.65,90856.18,2621.9
2021-04-25T12:00:00Z,90856.18,91045.09,90432.18,91024.25,1512.5
2021-04-25T16:00:00Z,91024.25,92608.93,90794.31,92467.79,4351.2
2021-04-25T20:00:00Z,92467.79,92645.72,92034.41,92077.73,1876.2
2021-04-26T00:00:00Z,92077.73,92436.15,91809.60,92174.90,1504.4
2021-04-26T04:00:00Z,92174.90,94254.69,91992.27,94000.79,5049.3
2021-04-26T08:00:00Z,94000.79,95346.34,93931.82,94833.55,3042.5
2021-04-26T12:00:00Z,94833.55,95232.34,94710.35,94965.55,1403.0
2021-04-26T16:00:00Z,94965.55,95729.58,94887.09,95419.43,2166.6
2021-04-26T20:00:00Z,95419.43,95833.96,94796.66,95746.06,1748.9
2021-04-27T00:00:00Z,95746.06,96273.98,95472.49,95964.01,1732.4
2021-04-27T04:00:00Z,95964.01,97130.86,95491.97,96979.69,3324.8
2021-04-27T08:00:00Z,96979.69,98015.81,96722.51,97704.68,2637.1
2021-04-27T12:00:00Z,97704.68,98448.70,97514.00,98443.17,2654.5
2021-04-27T16:00:00Z,98443.17,99583.65,98215.51,99270.31,2731.6
2021-04-27T20:00:00Z,99270.31,100106.44,98908.02,99638.10,1807.7
2021-04-28T00:00:00Z,99638.10,99929.36,99241.93,99580.92,1207.1
2021-04-28T04:00:00Z,99580.92,99731.70,99030.96,99579.50,1092.6
2021-04-28T08:00:00Z,99579.50,101429.84,99496.26,101381.12,4714.1
2021-04-28T12:00:00Z,101381.12,102506.88,100893.33,102488.59,3287.6
2021-04-28T16:00:00Z,102488.59,102623.49,102459.03,102506.52,1208.9
2021-04-28T20:00:00Z,102506.52,103138.71,102377.07,103019.37,2182.7
2021-04-29T00:00:00Z,103019.37,103556.75,102436.69,103476.72,2081.4
2021-04-29T04:00:00Z,103476.72,104034.14,103357.62,103373.27,1474.7
2021-04-29T08:00:00Z,103373.27,104512.35,102682.91,104297.61,2849.2
2021-04-29T12:00:00Z,104297.61,104793.61,103687.21,104610.06,1776.5
2021-04-29T16:00:00Z,104610.06,105378.29,104589.19,105011.60,1786.2
2021-04-29T20:00:00Z,105011.60,106163.61,104863.26,106075.81,3213.3
2021-04-30T00:00:00Z,106075.81,106399.27,105763.91,106183.97,1346.4
2021-04-30T04:00:00Z,106183.97,106866.11,106032.12,106703.77,2046.3
2021-04-30T08:00:00Z,106703.77,106823.86,105540.15,106187.97,2169.1
2021-04-30T12:00:00Z,106187.97,108130.50,106022.35,107653.09,3879.9
2021-04-30T16:00:00Z,107653.09,108016.01,107262.65,108002.24,1883.4
2021-04-30T20:00:00Z,108002.24,109044.15,107755.95,108599.52,2326.4
2021-05-01T00:00:00Z,108599.52,109349.65,108429.61,109277.43,2291.0
2021-05-01T04:00:00Z,109277.43,110157.90,108910.81,109979.49,2469.6
2021-05-01T08:00:00Z,109979.49,110606.96,109346.16,109683.05,1565.1
2021-05-01T12:00:00Z,109683.05,111016.06,109373.76,110844.28,3159.5
2021-05-01T16:00:00Z,110844.28,111601.53,110056.16,111146.42,1651.7
2021-05-01T20:00:00Z,111146.42,112489.63,110509.74,112081.80,2864.9
2021-05-02T00:00:00Z,112081.80,114047.58,111548.12,113675.51,4034.6
2021-05-02T04:00:00Z,113675.51,115859.93,112992.75,115610.42,4557.1
2021-05-02T08:00:00Z,115610.42,116474.90,115254.59,116458.65,2469.9
2021-05-02T12:00:00Z,116458.65,118907.35,115294.33,118280.88,4344.0
2021-05-02T16:00:00Z,118280.88,118388.90,117168.02,117636.62,2220.0
2021-05-02T20:00:00Z,117636.62,118182.36,116270.61,116570.53,2861.3
2021-05-03T00:00:00Z,116570.53,116786.12,115929.79,116655.24,1347.3
2021-05-03T04:00:00Z,116655.24,116865.69,114842.78,115564.41,2882.2
2021-05-03T08:00:00Z,115564.41,116174.99,114505.44,114781.33,2628.0
2021-05-03T12:00:00Z,114781.33,115137.40,113253.56,113548.18,3169.0
2021-05-03T16:00:00Z,113548.18,113768.07,112454.77,112799.50,2468.8
2021-05-03T20:00:00Z,112799.50,112894.68,111558.25,112037.13,2367.5
2021-05-04T00:00:00Z,112037.13,112082.15,109831.09,110434.38,3899.1
2021-05-04T04:00:00Z,110434.38,110831.84,110271.36,110502.08,1234.4
2021-05-04T08:00:00Z,110502.08,110651.49,110146.99,110580.39,1273.0
2021-05-04T12:00:00Z,110580.39,111146.84,109554.06,109732.81,2727.2
2021-05-04T16:00:00Z,109732.81,110109.80,109215.46,109427.42,1563.5
2021-05-04T20:00:00Z,109427.42,109678.68,108234.83,109100.71,1788.5
2021-05-05T00:00:00Z,109100.71,109206.20,107548.75,107887.00,3351.8
2021-05-05T04:00:00Z,107887.00,107914.72,107162.95,107388.00,2150.2
2021-05-05T08:00:00Z,107388.00,107955.60,107332.64,107779.01,1818.9
2021-05-05T12:00:00Z,107779.01,108243.97,106191.30,106918.16,2761.8
2021-05-05T16:00:00Z,106918.16,107123.13,105273.98,105282.97,4168.3
2021-05-05T20:00:00Z,105282.97,105744.56,104994.80,105542.73,1692.5
2021-05-06T00:00:00Z,105542.73,105677.93,103321.98,104068.76,4019.6
2021-05-06T04:00:00Z,104068.76,104393.18,103536.82,103715.05,1949.1
2021-05-06T08:00:00Z,103715.05,104167.71,102822.99,102972.08,2612.1
2021-05-06T12:00:00Z,102972.08,103213.78,101934.89,102172.39,2842.2
2021-05-06T16:00:00Z,102172.39,102234.31,101666.14,102054.58,1439.4
2021-05-06T20:00:00Z,102054.58,102410.98,100233.75,100643.99,3869.0
2021-05-07T00:00:00Z,100643.99,100999.86,100295.29,100478.05,1479.4
2021-05-07T04:00:00Z,100478.05,101024.16,99235.61,99276.61,3513.5
2021-05-07T08:00:00Z,99276.61,99480.52,98884.66,99239.82,1309.2
2021-05-07T12:00:00Z,99239.82,99592.44,98759.95,99028.38,1626.3
2021-05-07T16:00:00Z,99028.38,99078.08,98057.51,98196.83,2962.1
2021-05-07T20:00:00Z,98196.83,98457.50,97287.39,97590.92,2454.0
2021-05-08T00:00:00Z,97590.92,98090.50,97333.73,97388.49,1594.8
2021-05-08T04:00:00Z,97388.49,97924.18,96544.09,96919.56,2096.4
2021-05-08T08:00:00Z,96919.56,96950.93,96003.18,96334.13,2422.3
2021-05-08T12:00:00Z,96334.13,96579.40,95706.33,95787.69,2278.0
2021-05-08T16:00:00Z,95787.69,96798.73,95497.50,96338.20,2322.0
2021-05-08T20:00:00Z,96338.20,96405.49,94693.84,95080.83,3660.1
2021-05-09T00:00:00Z,95080.83,95588.25,93649.59,94062.82,3281.0
2021-05-09T04:00:00Z,94062.82,94124.14,92702.57,93027.30,3373.7
2021-05-09T08:00:00Z,93027.30,93565.88,92257.94,92432.06,2352.4
2021-05-09T12:00:00Z,92432.06,92598.89,91335.63,91743.60,2557.1
2021-05-09T16:00:00Z,91743.60,91847.99,90517.33,90753.19,3312.3
2021-05-09T20:00:00Z,90753.19,90899.62,89334.96,89567.91,3754.0
2021-05-10T00:00:00Z,89567.91,89697.08,88590.11,88722.29,3165.7
2021-05-10T04:00:00Z,88722.29,89089.25,88416.70,88884.11,1602.1
2021-05-10T08:00:00Z,88884.11,89020.36,88502.37,88506.47,1874.9
2021-05-10T12:00:00Z,88506.47,88538.14,87687.81,87859.52,2517.4
2021-05-10T16:00:00Z,87859.52,88166.03,85919.33,86449.63,4300.9
2021-05-10T20:00:00Z,86449.63,86714.27,85788.06,85913.90,2275.9
